id;first_name;last_name;address_1;address_2;city;mobile;active
1;Garnett;Schinner;Fish multi-byte Savings Account;Computer Practical Fresh Pants;Bryonchester;Movies Producer;Implementation Electronics Officer
2;Lexus;Gutmann;Albania web-readiness;Namibia;North Alycia;Coordinator;Common
3;Ozella;Mosciski;syndicate;Mississippi Refined Rubber Chicken Table;North Urielside;South Dakota envisioneer Music;Nakfa
4;Idella;Parker;Investment Account;Games Regional Digitized;Nicolasburgh;Costa Rica Mayotte;Industrial
5;Ronny;Ryan;Markets Chief;capacitor archive;Cleveport;Tactics;scale interactive generating
6;Fletcher;Wintheiser;Home Loan Account;Plastic;Cummerataton;Administrator;reinvent 24 hour Jewelery
7;Cloyd;Quigley;application quantify Unbranded Plastic Tuna;Internal;Muellerview;Ergonomic;moratorium moratorium
8;Monte;McLaughlin;tangible Mississippi;Frozen bus;Reichertmouth;compress;Sleek Metal Table Small
9;Ida;Brekke;Outdoors;Harbor Montana;Sydneyland;Investment Account;override User-centric
10;Arely;Metz;Chilean Peso Unidades de fomento;Web virtual deposit;Klockofort;maroon;EXE projection Fresh
