id;secure_key;gift;gift_message
1;mobile Fish;true;Savings Account Dam
2;Practical Fresh Pants;true;alarm
3;Tasty Metal Bacon;true;Electronics
4;Soap methodology Albania;false;intangible
5;enable Gorgeous Frozen Pants;false;Licensed Savings Account
6;Cambridgeshire Mississippi;false;Credit Card Account Table Small Frozen Sausages
7;South Dakota envisioneer Music;false;Monitored Bahamian Dollar Investment Account
8;Games Regional Digitized;true;hardware Costa Rica Mayotte
9;Industrial;true;Views e-enable Communications
10;National Awesome sky blue;false;software scale interactive
