id;payment_method;auth_code;card_number;amount;transaction_id;created_date
1;mobile Fish;Home Loan Account Table Computer;Trace;33370;Metal deposit;2020-03-10T06:41:18
2;transmitter Implementation Electronics;Soap methodology Albania;Home Namibia;39986;Gorgeous Frozen Pants;2020-03-10T02:27:20
3;Licensed Savings Account;Cambridgeshire Mississippi;HDD;68030;Centers;2020-03-10T07:43:26
4;Usability South Dakota envisioneer;Intelligent;Monitored Bahamian Dollar Investment Account;83319;Salad;2020-03-09T22:39:24
5;Tuna;hardware Costa Rica Mayotte;Industrial;84228;Views e-enable Communications;2020-03-09T14:35:16
6;archive Georgia Aruba;software scale interactive;Louisiana Specialist Home Loan Account;27599;scalable;2020-03-10T04:04:33
7;Industrial;index orange;Jewelery;19884;monitor 1080p Checking Account;2020-03-09T09:48:40
8;deposit Internal;Investment Account archive Fantastic Plastic Chicken;payment;59129;tangible Mississippi;2020-03-09T22:51:07
9;Developer;synthesize Idaho compress;Sleek Metal Table Small;43933;red;2020-03-09T10:32:39
10;Harbor Montana;Corporate Phased relationships;white Brand Money Market Account;69478;JSON;2020-03-09T17:03:28
